{
    "TOTAL_COORDS": 14,
    "TOTAL_JOINTS": 9,
    "TOTAL_LINKS": 11,
    "SOLVER_TIME": 1.0, 
    "SUBSTEPS": 2,
    "SOLVER_TYPE": 1,
    "NUM_POS_ITER": 4,
    "NUM_VEL_ITER": 1,
    "FIX_BASE_LINK": true,
    "FLIP_VISUAL_ATTACHMENTS": true,
    "ARMATURE": 0.01,
    "POS_END":[
        [-2.8973, 2.8973],
        [-1.7628, 1.7628],
        [-2.8973, 2.8973],
        [-3.0718, -0.0698],
        [-2.8973, 2.8973],
        [-0.0175, 3.7525],
        [-2.8973, 2.8973],
        [0, 0.04],
        [0, 0.04]
    ],
    "VEL_END":[
        2.1750,
        2.1750,
        2.1750,
        2.1750,
        2.6100,
        2.6100,
        2.6100,
        0.2,
        0.2
    ],
    "ACC_END":[
        15,
        7.5,
        10,
        12.5,
        15,
        20,
        20,
        100,
        100
    ],
    "JER_END":[
        7500,
        3750,
        5000, 
        6250, 
        7500,
        10000, 
        10000,
        50000,
        50000
    ],
    "TOR_END":[
        87,
        87,
        87,
        87,
        12,
        12,
        12,
        20,
        20
    ],
    "TAC_END":[
        1000,
        1000,
        1000,
        1000,
        1000,
        1000,
        1000,
        2000,
        2000
    ],
    "STIFFNESS_NOM":[
        0,
        0,
        0,
        0,
        0,
        0,
        0,
        0,
      	0
    ],
    "DAMPING_NOM":[
        10,
        10,
        10,
        10,
        10,
        10,
        10,
        10,
        10
    ],
    "COULOMB_NOM":[
        0.0,
        0.0,
        0.0,
        0.0,
        0.0,
        0.0,
        0.0,
        0.0,
        0.0
    ],
    "MASS_NOM":[
        5.0,
        4.970684,
        0.646926,
        3.228604,
        3.587895,
        1.225946,
        1.666555,
        7.335522e-1,
        0.717156708240509,
        0.021579869091510773,
        0.021579869091510773
    ],
    "COM_NOM":[
        [-0.028899, -0.000807, 0.056510],
        [3.875e-3, 2.081e-3, -1.750e-1],
        [-3.141e-3, -2.872e-2, 3.495e-3],
        [2.7518e-2, 3.9252e-2, -6.6502e-2],
        [-5.317e-2, 1.04419e-1, 2.7454e-2],
        [-1.1953e-2, 4.1065e-2, -3.8437e-2],
        [6.0149e-2, -1.4117e-2, -1.0517e-2],
        [1.0517e-2, -4.252e-3, 6.1597e-2],
        [0.000043, -0.000930, 0.024119],
        [0.000017, 0.011958, 0.023777],
        [-0.000017, -0.011958, 0.023777]
    ],
    "INERTIA_NOM":[
        [0.009129, -0.000067, -0.001373, 0.011825, 0.0000001, 0.012204],
        [7.03373e-1, -1.3900e-04, 6.7720e-3, 7.0661e-1, 1.9169e-2, 9.1170e-3],
        [7.9620e-3, -3.9250e-3, 1.0254e-2, 2.8110e-2, 7.0400e-4, 2.5995e-2],
        [3.7242e-2, -4.7610e-3, -1.1396e-2, 3.6155e-2, -1.2805e-2, 1.0830e-2],
        [2.5853e-2, 7.7960e-3, -1.3320e-3, 1.9552e-2, 8.6410e-3, 2.8323e-2],
        [3.5549e-2, -2.1170e-3, -4.0370e-3, 2.9474e-2, 2.2900e-4, 8.6270e-3],
        [1.9640e-3, 1.0900e-4, -1.1580e-3, 4.3540e-3, 3.4100e-4, 5.4330e-3],
        [1.2516e-2, -4.2800e-4, -1.1960e-3, 1.0027e-2, -7.4100e-4, 4.8150e-3],
        [0.002462, -0.000002, -0.000001, 0.000492, -0.000015, 0.000691],
        [0.000006, -0.0000001, 0.0000001, 0.000005, 0.000001, 0.000002],
        [0.000006, -0.0000001, -0.0000001, 0.000005, -0.000001, 0.000002]
    ],
    "OSC_NOM":[
        10.0,
        6.32455
    ],
    "FRICTION":[
        [5.4615e-1, 5.1181e0, 3.9533e-2],
        [8.7224e-1, 9.0657e0, 2.5882e-2],
        [6.4068e-1, 1.0136e1, -4.6070e-2],
        [1.2794e0, 5.5903e0, 3.6194e-2],
        [8.3904e-1, 8.3469e0, 2.6226e-2],
        [3.0301e-1, 1.7133e1, -2.1047e-2],
        [5.6489e-1, 1.0336e1, 3.5526e-3],
        [0.0, 0.0, 0.0],
        [0.0, 0.0, 0.0]
    ],
    "GRAVITY": 9.80665,
    "ANGDAMP_NOM": 0.5
}
